{
"apiVersion": "V2",
"assemblies": [
{
  "files": [
    {
      "filePath": "data_summary.tsv",
      "fileType": "DATA_TABLE",
      "uncompressedLengthBytes": "404"
    },
    {
      "filePath": "assembly_data_report.jsonl",
      "fileType": "DATA_REPORT",
      "uncompressedLengthBytes": "1223"
    }
  ]
},{
  "accession": "GCA_000863625.1",
  "files": [
    {
      "filePath": "GCA_000863625.1/protein.faa",
      "fileType": "PROTEIN_FASTA",
      "uncompressedLengthBytes": "6090"
    }
  ]
}]}
